[
  {
    "id": "fc3701f9-8a52-4efa-91f7-42726e10ed06",
    "data": [
      {
        "text": "ఇక్కడికి స్వాగతం",
        "userDefined": false
      }
    ],
    "isTemplate": false,
    "count": 0,
    "lang": "te",
    "updated": 0
  },
  {
    "id": "0a88e17c-a0c3-4693-b788-966902720d75",
    "data": [
      {
        "text": "స్వాగతం",
        "userDefined": false
      }
    ],
    "isTemplate": false,
    "count": 0,
    "lang": "te",
    "updated": 0
  },
  {
    "id": "a791fc44-893d-4e9c-9aed-51158a5dca00",
    "data": [
      {
        "text": "మీరు ఆహ్వానితులు",
        "userDefined": false
      }
    ],
    "isTemplate": false,
    "count": 0,
    "lang": "te",
    "updated": 0
  },
  {
    "id": "1c43a065-a522-46b0-9a04-acd91b04db4b",
    "data": [
      {
        "text": "అది మా అదృష్టం",
        "userDefined": false
      }
    ],
    "isTemplate": false,
    "count": 0,
    "lang": "te",
    "updated": 0
  },
  {
    "id": "ce2e646d-7929-40c7-9bac-c05b28832fa9",
    "data": [
      {
        "text": "తప్పకుండా రండి",
        "userDefined": false
      }
    ],
    "isTemplate": false,
    "count": 0,
    "lang": "te",
    "updated": 0
  },
  {
    "id": "5ccc9116-584d-4d79-8f9c-5e1dbe78b069",
    "data": [
      {
        "text": "నాకు సంతోషంగా ఉంది",
        "userDefined": false
      }
    ],
    "isTemplate": false,
    "count": 0,
    "lang": "te",
    "updated": 0
  },
  {
    "id": "5012c1ca-c9c9-4c61-9b1f-cc41a34b0a68",
    "data": [
      {
        "text": "మీకు స్వాగతం",
        "userDefined": false
      }
    ],
    "isTemplate": false,
    "count": 0,
    "lang": "te",
    "updated": 0
  }
]